{"_timestamp":1.732252368269244e+09,"_runtime":107.4269127,"_step":0,"Train loss":1.8006405302908568,"_wandb":{"runtime":107},"Valid loss":0.1872840412950094}