{"_step":29,"_wandb":{"runtime":8746},"Train loss":0.9994301419509085,"Valid loss":0.13467757011714734,"_timestamp":1.7322990675216987e+09,"_runtime":8745.8719229}