{"_runtime":123.4892883,"_step":0,"_wandb":{"runtime":123},"Train loss":1.7523758812288268,"Valid loss":0.20894226458220355,"_timestamp":1.7322666876679547e+09}