{"_timestamp":1.7322655391881528e+09,"_runtime":169.0954709,"_step":0,"Train loss":1.762661555172068,"_wandb":{"runtime":169},"Valid loss":0.18454512030677458}